name,args,ann,sharpe,sortino,calmar,mdd,trades,win_rate,pf
k=6,--top-k 6,49.7,1.939,2.569,3.019,-16.5,563,54.4,1.61
tp=3.5,--tp-atr 3.5,48.77,1.924,2.544,2.524,-19.3,616,56.3,1.56
baseline,,47.97,1.871,2.484,2.914,-16.5,564,54.1,1.59
hold=20,--hold-days 20,47.97,1.871,2.484,2.914,-16.5,564,54.1,1.59
slip=0.1%,--slippage 0.001,47.97,1.871,2.484,2.914,-16.5,564,54.1,1.59
k=5,--top-k 5,46.89,1.83,2.42,2.848,-16.5,566,53.9,1.6
sl=3.5,--sl-atr 3.5,45.83,1.804,2.393,2.448,-18.7,530,56.2,1.64
hold=15,--hold-days 15,46.5,1.794,2.309,2.223,-20.9,681,52.3,1.41
dyn-risk,--dynamic-risk,35.15,1.735,2.304,3.046,-11.5,561,53.7,1.55
gap=1.5+dyn,--gap-filter 1.5 --dynamic-risk,35.15,1.735,2.304,3.046,-11.5,561,53.7,1.55
hold=25,--hold-days 25,42.45,1.713,2.18,2.243,-18.9,500,55.0,1.61
tp=4.5,--tp-atr 4.5,40.59,1.66,2.217,2.154,-18.8,541,52.7,1.54
k=4,--top-k 4,40.53,1.604,2.095,2.293,-17.7,576,53.3,1.53
hold=30,--hold-days 30,40.32,1.602,2.025,1.935,-20.8,467,56.7,1.58
slip=0.2%,--slippage 0.002,40.75,1.561,2.06,2.296,-17.8,572,53.3,1.52
sl=2.5,--sl-atr 2.5,34.62,1.37,1.773,1.873,-18.5,626,50.5,1.42
