Ticker,Entry_Date,Exit_Date,Entry_Price,Exit_Price,Return_Pct,Reason,Days_Held,TP_Price,SL_Price
2376,2023-06-05,2023-06-09,185.42,215.38,0.1536,🟢 停利,4,215.38,162.96
2301,2023-06-06,2023-06-12,84.24,93.12,0.0979,🟢 停利,4,93.12,77.58
2382,2023-06-05,2023-06-13,109.17,127.51,0.16,🟢 停利,6,127.51,95.42
2618,2023-06-05,2023-06-15,32.17,36.08,0.1139,🟢 停利,8,36.08,29.24
3231,2023-06-05,2023-06-21,64.79,76.86,0.1782,🟢 停利,12,76.86,55.74
2368,2023-06-06,2023-07-03,127.9,149.06,0.1574,🟢 停利,17,149.06,112.04
3231,2023-06-21,2023-07-03,72.81,88.02,0.2006,🟢 停利,6,88.02,61.4
2376,2023-06-09,2023-07-04,205.72,241.48,0.1658,🟢 停利,15,241.48,178.9
2301,2023-06-13,2023-07-04,93.2,105.72,0.1265,🟢 停利,13,105.72,83.81
1519,2023-06-05,2023-07-05,130.33,116.62,-0.1113,⚪ 時間到期,20,157.06,110.29
2204,2023-06-05,2023-07-05,85.97,81.65,-0.0567,⚪ 時間到期,20,99.66,75.7
3661,2023-06-05,2023-07-05,1631.13,1766.11,0.0753,⚪ 時間到期,20,1930.69,1406.47
2383,2023-06-12,2023-07-05,222.74,258.91,0.1544,🟢 停利,15,258.91,195.61
3443,2023-06-06,2023-07-06,1410.06,1602.94,0.129,⚪ 時間到期,20,1678.02,1209.08
3231,2023-07-03,2023-07-06,86.27,102.86,0.1842,🟢 停利,3,102.86,73.82
3231,2023-07-06,2023-07-12,94.03,112.13,0.1843,🟢 停利,4,112.13,80.46
2382,2023-07-04,2023-07-13,149.42,181.62,0.2072,🟢 停利,7,175.85,129.59
2301,2023-07-04,2023-07-13,103.51,123.4,0.184,🟢 停利,7,123.4,88.59
2376,2023-07-05,2023-07-13,249.08,299.21,0.1931,🟢 停利,6,299.21,211.48
6669,2023-07-05,2023-07-13,1498.78,1812.5,0.2011,🟢 停利,6,1773.53,1292.72
2603,2023-07-05,2023-07-13,81.18,74.24,-0.0917,🔴 停損,6,90.43,74.24
2383,2023-07-06,2023-07-13,249.28,290.18,0.1561,🟢 停利,5,290.18,218.6
2356,2023-07-05,2023-07-14,42.91,50.48,0.1683,🟢 停利,7,50.48,37.24
3231,2023-07-12,2023-07-14,111.52,133.53,0.1892,🟢 停利,2,133.53,95.01
2618,2023-06-15,2023-07-17,35.64,33.16,-0.076,⚪ 時間到期,20,40.69,31.85
3017,2023-07-03,2023-07-21,272.03,317.39,0.1588,🟢 停利,14,317.39,238.02
6285,2023-07-13,2023-07-21,107.79,96.78,-0.1083,🔴 停損,6,121.78,97.3
2382,2023-07-13,2023-07-24,181.8,213.51,0.1664,🟢 停利,7,213.41,158.09
2383,2023-07-13,2023-07-24,284.35,329.61,0.1513,🟢 停利,7,329.61,250.4
2376,2023-07-13,2023-07-25,287.82,341.0,0.1767,🟢 停利,8,341.0,247.94
2356,2023-07-21,2023-07-25,56.88,68.69,0.1994,🟢 停利,2,68.69,48.02
2383,2023-07-25,2023-07-28,337.42,404.75,0.1913,🟢 停利,3,404.75,286.93
2301,2023-07-14,2023-07-31,124.12,152.2,0.2178,🟢 停利,11,148.26,106.02
1519,2023-07-17,2023-07-31,163.91,190.83,0.1563,🟢 停利,10,190.83,143.73
2356,2023-07-25,2023-08-01,67.93,58.12,-0.1503,🔴 停損,5,81.02,58.12
6669,2023-07-13,2023-08-02,1814.31,1562.48,-0.1447,🔴 停損,14,2150.09,1562.48
2368,2023-07-13,2023-08-02,171.18,151.15,-0.1231,🔴 停損,14,197.89,151.15
1519,2023-07-31,2023-08-02,190.14,164.16,-0.1425,🔴 停損,2,224.79,164.16
3231,2023-07-14,2023-08-04,129.95,108.57,-0.1702,🔴 停損,14,155.29,110.94
2301,2023-07-31,2023-08-04,152.35,119.07,-0.2238,🔴 停損,3,191.02,123.34
3706,2023-07-24,2023-08-10,44.94,37.53,-0.1705,🔴 停損,12,54.81,37.53
2382,2023-07-24,2023-08-17,213.72,256.98,0.1942,🟢 停利,17,256.98,181.28
2881,2023-08-04,2023-08-17,53.17,50.36,-0.0592,🔴 停損,9,56.91,50.36
6285,2023-07-21,2023-08-21,96.88,112.68,0.1552,⚪ 時間到期,20,115.98,82.55
1519,2023-08-02,2023-08-22,175.58,216.38,0.2239,🟢 停利,13,216.38,144.98
3044,2023-08-02,2023-08-23,149.58,177.11,0.1759,🟢 停利,14,177.11,128.94
2357,2023-08-02,2023-08-24,339.7,400.95,0.1723,🟢 停利,15,400.95,293.75
2383,2023-07-28,2023-08-28,387.66,389.95,-0.001,⚪ 時間到期,20,462.18,331.77
2356,2023-08-01,2023-08-30,59.03,51.11,-0.1401,⚪ 時間到期,20,75.13,46.95
3231,2023-08-04,2023-09-01,108.68,102.91,-0.0596,⚪ 時間到期,20,152.47,75.84
3017,2023-08-10,2023-09-07,332.54,335.08,0.0008,⚪ 時間到期,20,424.8,263.34
2382,2023-08-17,2023-09-14,244.25,217.2,-0.1168,⚪ 時間到期,20,318.38,188.66
2603,2023-08-17,2023-09-14,79.26,83.77,0.0497,⚪ 時間到期,20,88.98,71.97
2368,2023-08-21,2023-09-18,200.99,185.42,-0.0838,⚪ 時間到期,20,248.26,165.54
1519,2023-08-22,2023-09-19,211.99,191.97,-0.1006,⚪ 時間到期,20,272.79,166.39
3044,2023-08-23,2023-09-20,168.11,189.22,0.1179,⚪ 時間到期,20,214.09,133.62
3034,2023-09-18,2023-09-20,408.71,386.77,-0.0602,🔴 停損,2,437.96,386.77
2345,2023-08-24,2023-09-21,465.95,438.87,-0.0646,⚪ 時間到期,20,553.35,400.4
2449,2023-08-28,2023-09-25,76.27,72.81,-0.0518,⚪ 時間到期,20,88.3,67.24
3661,2023-08-30,2023-09-27,2466.24,2584.67,0.0409,⚪ 時間到期,20,2976.55,2083.5
3036,2023-09-25,2023-09-28,87.57,99.77,0.1315,🟢 停利,3,99.77,78.42
6285,2023-09-01,2023-10-02,122.35,124.49,0.0106,⚪ 時間到期,20,142.16,107.49
2603,2023-09-19,2023-10-03,89.98,84.76,-0.0645,🔴 停損,9,96.94,84.76
3036,2023-09-28,2023-10-05,93.96,108.88,0.151,🟢 停利,4,108.88,82.76
3533,2023-09-07,2023-10-06,835.54,790.78,-0.06,⚪ 時間到期,20,946.52,752.31
2454,2023-09-21,2023-10-11,676.08,731.58,0.0747,🟢 停利,11,731.58,634.45
3044,2023-09-20,2023-10-16,196.35,170.71,-0.1365,🔴 停損,15,229.66,171.37
2458,2023-09-14,2023-10-17,125.85,123.6,-0.0246,⚪ 時間到期,20,140.64,114.76
2204,2023-09-14,2023-10-17,89.37,83.98,-0.0668,⚪ 時間到期,20,105.05,77.61
3661,2023-10-06,2023-10-18,2700.18,2369.12,-0.1286,🔴 停損,6,3141.58,2369.12
3034,2023-09-20,2023-10-23,394.34,386.31,-0.027,⚪ 時間到期,20,427.27,369.64
3443,2023-10-16,2023-10-23,1638.58,1438.21,-0.1283,🔴 停損,5,1905.74,1438.21
2606,2023-10-02,2023-10-27,41.59,37.48,-0.105,🔴 停損,17,47.07,37.48
2327,2023-09-27,2023-10-30,101.37,104.57,0.0245,⚪ 時間到期,20,109.69,95.13
1519,2023-10-17,2023-10-30,233.43,196.88,-0.1624,🔴 停損,9,282.17,196.88
6285,2023-10-31,2023-11-01,120.98,109.67,-0.0997,🔴 停損,1,136.07,109.67
9910,2023-10-03,2023-11-02,171.33,161.79,-0.0621,⚪ 時間到期,20,196.11,152.74
3036,2023-10-05,2023-11-06,103.4,122.06,0.1724,🟢 停利,20,122.06,89.4
3036,2023-11-06,2023-11-07,112.84,130.98,0.1529,🟢 停利,1,130.98,99.23
2345,2023-10-11,2023-11-08,525.04,536.13,0.0141,⚪ 時間到期,20,610.11,461.24
2454,2023-10-17,2023-11-14,759.69,812.81,0.0626,⚪ 時間到期,20,831.18,706.07
2891,2023-10-30,2023-11-14,22.29,23.62,0.0525,🟢 停利,11,23.62,21.29
2449,2023-10-18,2023-11-15,77.86,78.63,0.0029,⚪ 時間到期,20,88.82,69.64
3036,2023-11-07,2023-11-16,120.93,106.98,-0.1214,🔴 停損,7,139.52,106.98
3443,2023-10-23,2023-11-20,1492.71,1666.09,0.1085,⚪ 時間到期,20,1778.33,1278.5
2303,2023-10-23,2023-11-20,43.33,44.76,0.0258,⚪ 時間到期,20,46.72,40.79
6669,2023-10-30,2023-11-27,1631.9,1664.74,0.0132,⚪ 時間到期,20,1952.04,1391.79
2603,2023-11-02,2023-11-30,83.86,85.68,0.0148,⚪ 時間到期,20,92.12,77.66
6415,2023-11-16,2023-11-30,369.38,433.29,0.165,🟢 停利,10,433.29,321.46
6285,2023-11-03,2023-12-01,125.98,125.99,-0.0068,⚪ 時間到期,20,143.7,112.69
2385,2023-11-14,2023-12-05,126.96,142.2,0.1124,🟢 停利,15,142.2,115.54
1519,2023-12-01,2023-12-05,228.58,273.44,0.1881,🟢 停利,2,273.44,194.93
6446,2023-11-08,2023-12-06,327.63,305.72,-0.0732,⚪ 時間到期,20,373.67,293.1
2204,2023-11-14,2023-12-06,86.63,97.41,0.1168,🟢 停利,16,97.41,78.54
1519,2023-12-05,2023-12-07,249.21,297.06,0.1839,🟢 停利,2,297.06,213.32
2204,2023-12-06,2023-12-12,95.12,108.75,0.1355,🟢 停利,4,108.75,84.9
3661,2023-11-15,2023-12-13,3284.4,3580.29,0.0826,⚪ 時間到期,20,3878.82,2838.58
2385,2023-12-05,2023-12-14,139.75,156.34,0.1111,🟢 停利,7,156.34,127.3
2618,2023-11-20,2023-12-18,27.86,27.61,-0.0158,⚪ 時間到期,20,31.27,25.3
3034,2023-11-20,2023-12-18,446.88,465.73,0.035,⚪ 時間到期,20,494.62,411.08
2204,2023-12-13,2023-12-19,111.49,100.1,-0.1083,🔴 停損,4,126.68,100.1
3533,2023-12-18,2023-12-19,1099.4,1020.18,-0.0784,🔴 停損,1,1205.03,1020.18
3533,2023-12-19,2023-12-20,1037.26,945.0,-0.0952,🔴 停損,1,1160.27,945.0
6285,2023-12-14,2023-12-21,157.07,141.77,-0.1036,🔴 停損,5,177.47,141.77
2454,2023-11-27,2023-12-25,850.49,893.65,0.0436,⚪ 時間到期,20,936.35,786.09
2353,2023-12-21,2023-12-25,39.03,42.92,0.0922,🟢 停利,2,42.92,36.11
2324,2023-12-25,2023-12-27,32.8,36.71,0.1116,🟢 停利,2,36.71,29.87
6415,2023-11-30,2023-12-28,427.76,480.26,0.1151,⚪ 時間到期,20,500.78,373.0
2368,2023-11-30,2023-12-28,216.38,206.07,-0.0541,⚪ 時間到期,20,253.46,188.56
6239,2023-12-18,2024-01-03,134.66,122.71,-0.095,🔴 停損,11,149.66,123.42
2606,2023-12-06,2024-01-04,48.24,47.24,-0.0275,⚪ 時間到期,20,54.71,43.39
2603,2023-12-19,2024-01-04,109.89,120.88,0.0924,🟢 停利,11,120.3,102.09
2357,2023-12-28,2024-01-04,455.99,416.38,-0.0931,🔴 停損,4,508.8,416.38
1519,2023-12-07,2024-01-05,276.32,269.98,-0.0296,⚪ 時間到期,20,328.05,237.52
2605,2023-12-12,2024-01-10,25.72,22.7,-0.1232,⚪ 時間到期,20,29.96,22.53
2615,2023-12-25,2024-01-10,54.96,48.29,-0.1273,🔴 停損,11,63.85,48.29
2353,2023-12-27,2024-01-10,45.8,41.87,-0.092,🔴 停損,9,51.03,41.87
2609,2024-01-04,2024-01-10,47.87,41.95,-0.1297,🔴 停損,4,55.76,41.95
2324,2023-12-28,2024-01-12,35.59,32.05,-0.1056,🔴 停損,10,40.31,32.05
2385,2023-12-20,2024-01-18,152.95,153.23,-0.0051,⚪ 時間到期,20,173.81,137.31
3481,2024-01-10,2024-01-18,14.18,15.86,0.1112,🟢 停利,6,15.86,12.92
3017,2024-01-12,2024-01-25,339.34,389.9,0.1411,🟢 停利,9,389.9,301.42
2356,2024-01-03,2024-01-31,47.32,51.39,0.0786,⚪ 時間到期,20,56.2,40.66
1519,2024-01-10,2024-01-31,290.07,351.91,0.2049,🟢 停利,15,351.91,243.69
2603,2024-01-04,2024-02-01,121.0,120.11,-0.0141,⚪ 時間到期,20,137.9,108.32
2357,2024-01-04,2024-02-01,427.49,410.53,-0.0462,⚪ 時間到期,20,487.65,382.37
3036,2024-01-18,2024-02-01,133.03,153.58,0.1466,🟢 停利,10,153.58,117.62
3017,2024-01-25,2024-02-01,383.47,449.22,0.1634,🟢 停利,5,449.22,334.17
6239,2024-01-05,2024-02-02,122.84,133.17,0.0767,⚪ 時間到期,20,144.65,106.47
3017,2024-02-01,2024-02-05,418.29,486.97,0.1562,🟢 停利,2,486.97,366.78
2383,2024-01-31,2024-02-15,452.66,516.4,0.133,🟢 停利,4,514.05,406.62
2376,2024-02-01,2024-02-15,289.25,348.73,0.1974,🟢 停利,3,329.63,258.96
3231,2024-02-02,2024-02-15,111.52,126.57,0.1272,🟢 停利,2,126.57,100.23
2353,2024-01-10,2024-02-16,42.19,43.31,0.0194,⚪ 時間到期,20,50.73,35.79
2609,2024-01-10,2024-02-16,44.21,40.78,-0.084,⚪ 時間到期,20,54.1,36.8
1519,2024-02-01,2024-02-19,360.06,423.11,0.1671,🟢 停利,5,423.11,312.77
3661,2024-02-15,2024-02-23,4202.45,3826.52,-0.0957,🔴 停損,6,4703.69,3826.52
3231,2024-02-16,2024-02-23,122.86,109.69,-0.1133,🔴 停損,5,140.42,109.69
3481,2024-01-18,2024-02-26,15.18,14.59,-0.0454,⚪ 時間到期,20,17.19,13.68
2356,2024-02-15,2024-02-27,55.28,50.24,-0.0974,🔴 停損,8,62.0,50.24
3017,2024-02-05,2024-03-01,468.8,546.2,0.1571,🟢 停利,11,546.2,410.75
6239,2024-02-15,2024-03-04,135.12,152.12,0.1181,🟢 停利,11,152.12,122.37
2383,2024-02-16,2024-03-04,527.54,468.33,-0.1183,🔴 停損,10,606.5,468.33
6669,2024-01-31,2024-03-06,2174.22,2545.58,0.1628,🟢 停利,17,2545.58,1895.69
2454,2024-02-26,2024-03-06,1005.92,1102.35,0.0884,🟢 停利,6,1102.35,933.59
3017,2024-03-01,2024-03-07,528.63,633.76,0.1907,🟢 停利,4,633.76,449.78
6239,2024-03-04,2024-03-08,146.49,165.76,0.1238,🟢 停利,4,165.76,132.04
3036,2024-02-01,2024-03-12,150.4,142.03,-0.0621,⚪ 時間到期,20,178.81,129.1
1519,2024-02-19,2024-03-14,411.03,485.8,0.1738,🟢 停利,17,485.72,355.02
2368,2024-02-27,2024-03-14,252.44,216.34,-0.1489,🔴 停損,11,300.57,216.34
2376,2024-02-23,2024-03-15,337.3,280.49,-0.1741,🔴 停損,14,398.48,291.41
3017,2024-03-07,2024-03-15,624.74,529.08,-0.1589,🔴 停損,6,749.96,530.83
2603,2024-03-08,2024-03-18,137.85,125.34,-0.097,🔴 停損,6,154.52,125.34
2404,2024-03-12,2024-03-20,337.84,390.12,0.1469,🟢 停利,6,381.93,304.77
2317,2024-03-18,2024-03-22,125.26,137.49,0.0901,🟢 停利,4,137.49,116.08
3231,2024-02-23,2024-03-25,115.77,115.18,-0.0119,⚪ 時間到期,20,135.16,101.23
1519,2024-03-15,2024-03-25,525.93,628.34,0.1866,🟢 停利,6,628.34,449.12
2404,2024-03-20,2024-03-26,390.51,334.64,-0.1489,🔴 停損,4,464.99,334.64
6669,2024-03-06,2024-03-28,2484.82,2113.21,-0.1554,🔴 停損,16,2980.3,2113.21
2379,2024-03-04,2024-04-01,523.41,516.42,-0.0201,⚪ 時間到期,20,590.47,473.1
2360,2024-03-06,2024-04-03,242.73,240.12,-0.0175,⚪ 時間到期,20,278.27,216.07
3706,2024-03-28,2024-04-03,50.4,44.67,-0.1198,🔴 停損,4,58.05,44.67
1519,2024-03-25,2024-04-08,582.57,693.39,0.1821,🟢 停利,8,693.39,499.45
2317,2024-03-22,2024-04-09,135.62,151.52,0.1096,🟢 停利,10,151.52,123.69
2385,2024-03-14,2024-04-15,201.95,175.36,-0.1376,🔴 停損,20,237.36,175.39
6239,2024-03-14,2024-04-15,171.06,169.53,-0.0157,⚪ 時間到期,20,197.78,151.02
2449,2024-03-15,2024-04-16,97.21,93.55,-0.0443,⚪ 時間到期,20,117.74,81.81
2382,2024-04-03,2024-04-16,272.47,240.72,-0.1226,🔴 停損,7,314.8,240.72
2317,2024-04-09,2024-04-16,149.27,130.85,-0.1294,🔴 停損,5,173.83,130.85
1504,2024-03-25,2024-04-24,50.58,53.13,0.0432,⚪ 時間到期,20,57.31,45.53
1605,2024-04-15,2024-04-24,37.84,34.91,-0.0836,🔴 停損,7,41.74,34.91
3533,2024-03-26,2024-04-25,1343.18,1346.61,-0.0043,⚪ 時間到期,20,1637.14,1122.71
2404,2024-04-01,2024-05-02,357.36,354.28,-0.0154,⚪ 時間到期,20,461.79,279.04
2618,2024-04-25,2024-05-03,31.13,34.17,0.0902,🟢 停利,5,34.17,28.85
1519,2024-04-08,2024-05-07,668.34,660.39,-0.0186,⚪ 時間到期,20,823.29,552.12
2317,2024-04-16,2024-05-07,134.2,159.47,0.1802,🟢 停利,14,158.85,115.72
4938,2024-04-09,2024-05-08,88.3,87.08,-0.0206,⚪ 時間到期,20,101.21,78.62
2609,2024-05-08,2024-05-10,46.3,52.31,0.122,🟢 停利,2,52.31,41.79
2615,2024-05-10,2024-05-13,56.76,65.32,0.1429,🟢 停利,1,63.95,51.36
2634,2024-04-15,2024-05-14,54.67,53.01,-0.0369,⚪ 時間到期,20,61.51,49.53
3017,2024-04-16,2024-05-15,594.34,630.97,0.0544,⚪ 時間到期,20,735.42,488.52
2382,2024-04-16,2024-05-15,246.98,273.93,0.1016,⚪ 時間到期,20,290.28,214.5
9945,2024-05-07,2024-05-16,40.28,44.37,0.094,🟢 停利,7,44.37,37.22
1504,2024-04-24,2024-05-23,53.36,47.04,-0.1246,⚪ 時間到期,20,62.89,46.21
1216,2024-04-24,2024-05-23,72.37,75.08,0.0304,⚪ 時間到期,20,77.37,68.62
2615,2024-05-14,2024-05-27,66.61,75.82,0.1305,🟢 停利,9,75.82,59.71
6415,2024-05-02,2024-05-28,419.41,503.8,0.193,🟢 停利,18,503.8,356.12
2618,2024-05-03,2024-05-31,33.37,32.04,-0.0464,⚪ 時間到期,20,37.43,30.32
2353,2024-05-28,2024-06-03,51.86,46.52,-0.1091,🔴 停損,4,58.98,46.52
2891,2024-05-07,2024-06-04,32.66,32.9,0.0004,⚪ 時間到期,20,35.85,30.27
2609,2024-05-15,2024-06-05,61.44,70.87,0.1455,🟢 停利,15,70.87,54.37
6446,2024-05-23,2024-06-05,365.88,419.56,0.1389,🟢 停利,9,419.56,325.62
2615,2024-05-27,2024-06-06,73.91,88.22,0.1855,🟢 停利,8,86.19,64.7
2105,2024-06-03,2024-06-06,52.66,47.49,-0.1042,🔴 停損,3,59.54,47.49
2637,2024-05-13,2024-06-11,62.92,61.42,-0.0306,⚪ 時間到期,20,73.13,55.27
6446,2024-06-05,2024-06-11,392.43,446.74,0.1306,🟢 停利,3,446.74,351.7
2317,2024-05-15,2024-06-13,158.22,180.99,0.1361,🟢 停利,20,180.99,141.14
9945,2024-05-16,2024-06-14,43.74,42.48,-0.0354,⚪ 時間到期,20,50.14,38.94
3533,2024-05-23,2024-06-21,1596.52,1618.8,0.007,⚪ 時間到期,20,1841.97,1412.44
2605,2024-05-31,2024-07-01,30.41,28.39,-0.0728,⚪ 時間到期,20,35.89,26.29
6446,2024-06-11,2024-07-01,441.04,511.35,0.1515,🟢 停利,14,511.35,388.3
2603,2024-06-04,2024-07-03,163.88,153.79,-0.068,⚪ 時間到期,20,197.54,138.64
2609,2024-06-05,2024-07-04,67.27,64.16,-0.0528,⚪ 時間到期,20,81.92,56.29
2615,2024-06-06,2024-07-05,88.31,80.69,-0.0926,⚪ 時間到期,20,107.0,74.3
3443,2024-06-06,2024-07-05,1536.67,1569.47,0.0144,⚪ 時間到期,20,1798.42,1340.36
6415,2024-06-11,2024-07-09,477.63,420.47,-0.1257,⚪ 時間到期,20,573.56,405.69
2317,2024-06-21,2024-07-09,198.71,223.65,0.1178,🟢 停利,12,223.65,180.01
2449,2024-07-01,2024-07-09,111.3,129.71,0.1574,🟢 停利,6,129.71,97.49
2881,2024-07-05,2024-07-10,72.0,76.42,0.0541,🟢 停利,3,76.42,68.69
2345,2024-06-13,2024-07-11,529.88,559.36,0.0484,⚪ 時間到期,20,607.59,471.6
2881,2024-07-10,2024-07-11,75.44,79.91,0.052,🟢 停利,1,79.91,72.09
2454,2024-06-14,2024-07-12,1287.39,1281.57,-0.0113,⚪ 時間到期,20,1455.18,1161.54
6446,2024-07-01,2024-07-17,508.54,582.64,0.1379,🟢 停利,12,582.64,452.97
2317,2024-07-09,2024-07-18,218.78,198.17,-0.1004,🔴 停損,7,246.27,198.17
3711,2024-07-12,2024-07-18,181.34,164.55,-0.0988,🔴 停損,4,203.73,164.55
2330,2024-07-05,2024-07-22,975.87,912.56,-0.0713,🔴 停損,11,1060.28,912.56
2449,2024-07-09,2024-07-22,128.21,110.51,-0.1439,🔴 停損,9,151.8,110.51
2368,2024-07-09,2024-07-22,222.17,199.35,-0.1088,🔴 停損,9,252.59,199.35
2308,2024-07-11,2024-07-22,411.41,374.92,-0.0949,🔴 停損,7,460.07,374.92
2881,2024-07-11,2024-07-22,77.33,73.59,-0.0548,🔴 停損,7,82.32,73.59
3037,2024-07-18,2024-07-22,206.17,186.71,-0.1006,🔴 停損,2,232.12,186.71
2882,2024-07-18,2024-07-22,61.43,57.17,-0.0757,🔴 停損,2,67.1,57.17
1519,2024-07-03,2024-07-29,780.8,682.72,-0.1316,🔴 停損,16,911.59,682.72
1216,2024-07-22,2024-08-01,80.93,75.65,-0.0716,🔴 停損,6,86.91,76.44
3037,2024-07-22,2024-08-02,192.82,170.15,-0.1236,🔴 停損,7,223.05,170.15
2883,2024-07-04,2024-08-05,15.35,14.26,-0.0774,🔴 停損,20,16.8,14.26
2881,2024-07-22,2024-08-05,75.83,70.54,-0.076,🔴 停損,8,82.87,70.54
2449,2024-07-22,2024-08-05,115.59,91.22,-0.2162,🔴 停損,8,142.34,95.53
2882,2024-07-29,2024-08-05,59.24,54.0,-0.0947,🔴 停損,5,66.23,54.0
2327,2024-08-01,2024-08-05,158.33,141.24,-0.114,🔴 停損,2,180.84,141.45
9945,2024-07-22,2024-08-06,46.46,42.26,-0.0966,🔴 停損,9,52.06,42.26
5871,2024-08-05,2024-08-06,135.08,125.21,-0.0794,🔴 停損,1,148.24,125.21
6446,2024-07-17,2024-08-12,546.35,629.88,0.145,🟢 停利,16,629.88,483.7
2886,2024-07-22,2024-08-21,37.75,37.45,-0.0146,⚪ 時間到期,20,40.28,35.85
4904,2024-07-22,2024-08-21,81.15,86.35,0.0568,⚪ 時間到期,20,91.8,73.16
3481,2024-08-02,2024-08-30,14.66,14.35,-0.0278,⚪ 時間到期,20,17.23,12.73
2881,2024-08-05,2024-09-02,74.85,83.94,0.1137,🟢 停利,20,83.94,68.04
2327,2024-08-05,2024-09-02,141.38,155.91,0.0952,⚪ 時間到期,20,164.69,123.9
2412,2024-08-05,2024-09-02,117.1,119.39,0.0126,⚪ 時間到期,20,122.63,112.95
2303,2024-08-05,2024-09-02,48.43,52.04,0.0673,⚪ 時間到期,20,53.76,44.42
9945,2024-08-06,2024-09-03,45.11,45.88,0.0102,⚪ 時間到期,20,54.14,38.33
3045,2024-08-06,2024-09-03,101.88,107.54,0.0483,⚪ 時間到期,20,111.38,94.76
6446,2024-08-12,2024-09-09,619.25,614.14,-0.015,⚪ 時間到期,20,741.36,527.67
3036,2024-08-30,2024-09-09,110.15,92.86,-0.1627,🔴 停損,6,128.16,96.63
2360,2024-09-09,2024-09-10,297.15,342.41,0.1444,🟢 停利,1,342.41,263.21
2360,2024-09-10,2024-09-13,315.54,362.05,0.1396,🟢 停利,3,362.05,280.66
2357,2024-08-21,2024-09-19,499.05,541.36,0.0774,⚪ 時間到期,20,580.97,437.61
2603,2024-08-21,2024-09-19,151.92,152.98,0.0001,⚪ 時間到期,20,174.31,135.14
3661,2024-09-03,2024-09-24,2587.26,2217.95,-0.1486,🔴 停損,14,3079.67,2217.95
2449,2024-09-02,2024-10-01,117.51,107.77,-0.0892,⚪ 時間到期,20,140.22,100.48
2383,2024-09-02,2024-10-01,466.85,436.28,-0.0719,⚪ 時間到期,20,528.99,420.24
2377,2024-09-02,2024-10-01,178.52,168.71,-0.0615,⚪ 時間到期,20,203.21,160.01
2881,2024-09-02,2024-10-01,82.29,84.18,0.016,⚪ 時間到期,20,91.62,75.29
2882,2024-09-03,2024-10-04,61.52,62.6,0.0105,⚪ 時間到期,20,67.44,57.08
4904,2024-09-19,2024-10-04,89.12,84.27,-0.0609,🔴 停損,9,95.59,84.27
2618,2024-10-01,2024-10-04,35.29,33.1,-0.0687,🔴 停損,1,37.91,33.33
2615,2024-10-01,2024-10-07,96.5,85.44,-0.1207,🔴 停損,2,111.25,85.44
3045,2024-09-09,2024-10-11,109.09,107.54,-0.0209,⚪ 時間到期,20,116.87,103.26
3149,2024-10-01,2024-10-11,34.88,43.8,0.2471,🟢 停利,5,43.8,28.19
2002,2024-10-04,2024-10-14,23.43,21.95,-0.0697,🔴 停損,5,25.41,21.95
2360,2024-09-13,2024-10-16,352.81,406.96,0.1456,🟢 停利,19,406.96,312.2
1216,2024-09-19,2024-10-22,83.73,85.58,0.015,⚪ 時間到期,20,90.17,78.91
2357,2024-09-24,2024-10-25,561.9,562.29,-0.0061,⚪ 時間到期,20,631.74,509.53
5871,2024-10-01,2024-10-29,152.56,140.33,-0.0865,🔴 停損,17,168.87,140.33
2912,2024-10-04,2024-11-01,286.14,260.74,-0.095,🔴 停損,18,305.64,271.51
6415,2024-10-04,2024-11-05,492.93,475.68,-0.0416,⚪ 時間到期,20,576.33,430.38
2615,2024-10-07,2024-11-06,85.79,90.23,0.0446,⚪ 時間到期,20,102.48,73.27
3231,2024-11-01,2024-11-06,104.05,116.53,0.1122,🟢 停利,3,116.53,94.7
3149,2024-10-11,2024-11-11,43.79,36.72,-0.1672,🔴 停損,20,53.22,36.72
3533,2024-10-11,2024-11-11,1599.91,1719.76,0.0676,⚪ 時間到期,20,1907.91,1368.91
2454,2024-10-14,2024-11-12,1235.69,1192.05,-0.0419,⚪ 時間到期,20,1407.19,1107.06
3706,2024-11-12,2024-11-13,54.0,59.06,0.0861,🟢 停利,1,59.06,50.21
3017,2024-10-16,2024-11-14,660.88,679.06,0.0205,⚪ 時間到期,20,761.6,585.34
3706,2024-11-13,2024-11-15,58.32,64.42,0.097,🟢 停利,2,64.42,53.75
3443,2024-10-22,2024-11-20,1227.38,1191.82,-0.0356,⚪ 時間到期,20,1431.8,1074.06
2603,2024-11-06,2024-11-21,175.3,192.04,0.088,🟢 停利,11,192.04,162.74
3706,2024-11-15,2024-11-22,64.17,74.63,0.155,🟢 停利,5,71.84,58.42
2449,2024-10-25,2024-11-25,124.74,123.17,-0.0193,⚪ 時間到期,20,148.6,106.84
2317,2024-10-29,2024-11-27,205.74,190.69,-0.0795,🔴 停損,20,225.81,190.69
3037,2024-11-11,2024-11-27,172.55,152.84,-0.1203,🔴 停損,12,198.83,152.84
2603,2024-11-21,2024-11-27,189.8,175.98,-0.0792,🔴 停損,4,208.24,175.98
2404,2024-11-20,2024-12-02,388.3,427.34,0.093,🟢 停利,8,427.34,359.03
2382,2024-11-05,2024-12-03,296.66,279.66,-0.0637,⚪ 時間到期,20,334.65,268.17
3231,2024-11-06,2024-12-04,115.67,112.17,-0.0369,⚪ 時間到期,20,129.59,105.22
2609,2024-11-11,2024-12-09,64.93,72.21,0.1044,🟢 停利,20,72.21,59.48
2345,2024-11-27,2024-12-11,629.4,726.14,0.1458,🟢 停利,10,726.14,556.85
2383,2024-12-03,2024-12-11,499.95,561.14,0.1147,🟢 停利,6,561.14,454.05
9904,2024-11-14,2024-12-12,39.05,41.15,0.0466,⚪ 時間到期,20,42.84,36.21
2204,2024-11-25,2024-12-16,80.37,71.59,-0.1153,🔴 停損,15,92.07,71.59
3706,2024-11-22,2024-12-18,74.7,65.72,-0.1263,🔴 停損,18,86.68,65.72
2404,2024-12-02,2024-12-19,408.99,460.24,0.1176,🟢 停利,13,460.24,370.56
2603,2024-11-27,2024-12-25,182.15,186.39,0.0163,⚪ 時間到期,20,202.44,166.93
2356,2024-11-27,2024-12-25,48.79,48.55,-0.0117,⚪ 時間到期,20,56.15,43.27
2383,2024-12-11,2024-12-27,542.43,615.18,0.1264,🟢 停利,12,615.18,487.87
2610,2024-12-04,2025-01-02,25.9,25.58,-0.0189,⚪ 時間到期,20,28.17,24.19
3661,2024-12-18,2025-01-03,3326.84,2974.68,-0.112,🔴 停損,11,3796.39,2974.68
6669,2024-12-09,2025-01-07,2478.29,2743.21,0.0993,⚪ 時間到期,20,2893.24,2167.08
2345,2024-12-11,2025-01-09,699.56,733.41,0.0412,⚪ 時間到期,20,818.8,610.13
2609,2024-12-16,2025-01-09,72.92,65.89,-0.1026,🔴 停損,17,82.29,65.89
2368,2024-12-12,2025-01-10,219.72,220.97,-0.0012,⚪ 時間到期,20,250.52,196.62
2379,2025-01-02,2025-01-13,536.95,492.65,-0.0888,🔴 停損,7,596.02,492.65
6669,2025-01-07,2025-01-14,2696.38,2379.23,-0.1237,🔴 停損,5,3119.25,2379.23
2404,2024-12-19,2025-01-17,452.3,490.3,0.0766,⚪ 時間到期,20,515.94,404.57
6285,2024-12-25,2025-02-03,130.64,137.23,0.0432,⚪ 時間到期,20,148.3,117.4
2618,2024-12-25,2025-02-03,43.34,43.53,-0.0024,⚪ 時間到期,20,48.58,39.41
2383,2024-12-27,2025-02-05,597.76,568.54,-0.0554,⚪ 時間到期,20,686.99,530.84
3661,2025-01-03,2025-02-11,3093.81,3491.92,0.121,⚪ 時間到期,20,3669.36,2662.15
6446,2025-01-09,2025-02-17,657.06,693.27,0.0479,⚪ 時間到期,20,740.68,594.34
1504,2025-01-09,2025-02-17,49.88,49.55,-0.0134,⚪ 時間到期,20,55.41,45.74
3711,2025-01-14,2025-02-17,154.81,172.54,0.1069,🟢 停利,17,172.54,141.51
2377,2025-01-10,2025-02-18,178.52,198.09,0.102,🟢 停利,20,198.09,163.85
2454,2025-01-13,2025-02-19,1381.92,1481.55,0.0648,⚪ 時間到期,20,1534.19,1267.71
2301,2025-01-17,2025-02-25,100.71,105.33,0.0388,⚪ 時間到期,20,108.84,94.62
2408,2025-02-19,2025-02-25,36.14,42.79,0.1759,🟢 停利,4,42.79,31.15
1605,2025-02-17,2025-03-03,28.5,25.86,-0.0988,🔴 停損,9,32.02,25.86
3661,2025-02-17,2025-03-03,3594.58,3117.59,-0.1386,🔴 停損,9,4230.55,3117.59
6285,2025-02-03,2025-03-04,136.41,140.59,0.0236,⚪ 時間到期,20,158.67,119.71
2880,2025-02-03,2025-03-04,26.51,26.15,-0.0203,⚪ 時間到期,20,28.03,25.37
6770,2025-02-05,2025-03-06,18.82,18.05,-0.0474,⚪ 時間到期,20,22.23,16.26
1519,2025-02-25,2025-03-11,592.47,523.83,-0.1219,🔴 停損,9,676.38,529.55
6415,2025-03-04,2025-03-11,437.67,386.28,-0.1234,🔴 停損,5,506.18,386.28
2395,2025-02-11,2025-03-12,400.2,380.79,-0.055,⚪ 時間到期,20,454.23,359.69
2344,2025-02-18,2025-03-12,18.37,20.88,0.1287,🟢 停利,15,20.88,16.49
2002,2025-02-17,2025-03-18,23.04,23.75,0.024,⚪ 時間到期,20,25.43,21.24
1519,2025-03-11,2025-03-25,524.35,455.72,-0.1368,🔴 停損,10,615.87,455.72
2408,2025-02-25,2025-03-26,39.84,41.7,0.0395,⚪ 時間到期,20,47.74,33.91
3023,2025-03-03,2025-03-28,286.41,254.26,-0.1183,🔴 停損,19,329.28,254.26
2606,2025-03-03,2025-03-31,63.56,58.33,-0.0885,⚪ 時間到期,20,74.53,55.32
2637,2025-03-04,2025-03-31,70.77,60.71,-0.148,🔴 停損,19,83.09,61.53
1605,2025-03-06,2025-03-31,27.44,22.65,-0.1802,🔴 停損,17,32.56,23.6
2634,2025-03-25,2025-03-31,52.32,47.99,-0.089,🔴 停損,4,58.09,47.99
2609,2025-03-26,2025-03-31,70.05,65.44,-0.0722,🔴 停損,3,76.19,65.44
3481,2025-03-18,2025-04-07,14.54,12.8,-0.1256,🔴 停損,12,16.09,13.39
2385,2025-03-28,2025-04-07,154.03,133.92,-0.1365,🔴 停損,4,172.3,140.33
3034,2025-03-31,2025-04-07,522.63,452.94,-0.1393,🔴 停損,3,557.5,496.48
1301,2025-03-11,2025-04-08,37.9,33.33,-0.1267,🔴 停損,18,43.24,33.89
2344,2025-03-12,2025-04-08,18.97,15.27,-0.2005,🔴 停損,17,23.04,15.92
2615,2025-03-12,2025-04-08,79.32,65.46,-0.1804,🔴 停損,17,88.36,72.54
2634,2025-03-31,2025-04-08,49.61,43.56,-0.128,🔴 停損,4,56.67,44.31
2603,2025-03-31,2025-04-08,176.91,150.56,-0.1547,🔴 停損,4,193.5,164.47
2609,2025-03-31,2025-04-08,66.37,56.89,-0.1486,🔴 停損,4,72.37,61.87
2408,2025-03-31,2025-04-11,37.54,30.07,-0.2043,🔴 停損,7,47.49,30.07
2634,2025-04-08,2025-05-07,43.6,45.3,0.0319,⚪ 時間到期,20,53.68,36.04
2412,2025-04-09,2025-05-08,121.44,124.69,0.0197,⚪ 時間到期,20,127.79,116.67
3045,2025-04-10,2025-05-09,111.49,108.98,-0.0292,⚪ 時間到期,20,120.13,105.01
2404,2025-04-11,2025-05-12,411.4,436.47,0.0537,⚪ 時間到期,20,498.89,345.79
2303,2025-04-14,2025-05-13,42.13,43.73,0.0309,⚪ 時間到期,20,47.94,37.76
6415,2025-04-15,2025-05-14,422.72,388.59,-0.087,⚪ 時間到期,20,525.63,345.53
2615,2025-04-16,2025-05-15,79.61,96.4,0.2026,🟢 停利,20,96.06,67.28
2609,2025-04-17,2025-05-16,64.13,75.65,0.1716,🟢 停利,20,75.65,55.48
2474,2025-04-18,2025-05-19,204.57,201.05,-0.0239,⚪ 時間到期,20,234.84,181.86
2615,2025-05-15,2025-05-19,96.5,108.47,0.1164,🟢 停利,2,108.47,87.52
3231,2025-04-21,2025-05-20,101.15,105.88,0.0396,⚪ 時間到期,20,122.02,85.5
2615,2025-05-19,2025-05-22,107.6,121.48,0.1213,🟢 停利,3,121.48,97.19
2615,2025-05-22,2025-05-23,110.01,124.06,0.1201,🟢 停利,1,124.06,99.47
2615,2025-05-23,2025-05-27,124.0,111.7,-0.1054,🔴 停損,2,140.41,111.7
2383,2025-05-08,2025-05-29,639.26,753.96,0.1714,🟢 停利,15,753.96,553.24
3017,2025-05-12,2025-06-03,530.89,636.43,0.1906,🟢 停利,15,623.98,461.08
6669,2025-05-07,2025-06-04,2106.55,2507.63,0.1823,🟢 停利,19,2507.63,1805.74
2368,2025-05-09,2025-06-04,220.21,265.94,0.1994,🟢 停利,17,264.5,186.99
2615,2025-05-27,2025-06-06,111.94,97.32,-0.1365,🔴 停損,7,131.43,97.32
2603,2025-05-20,2025-06-09,205.52,188.07,-0.0912,🔴 停損,13,228.79,188.07
2408,2025-05-19,2025-06-10,45.7,55.0,0.1953,🟢 停利,15,55.0,38.72
2383,2025-05-29,2025-06-10,733.12,833.21,0.1288,🟢 停利,7,833.21,658.06
3036,2025-05-13,2025-06-11,112.01,117.93,0.0457,⚪ 時間到期,20,127.16,100.64
2345,2025-05-14,2025-06-11,682.76,797.95,0.1607,🟢 停利,19,797.95,596.37
3017,2025-06-04,2025-06-12,675.77,749.92,0.1021,🟢 停利,6,749.92,620.16
1519,2025-05-16,2025-06-16,447.72,472.79,0.0488,⚪ 時間到期,20,516.31,396.27
2345,2025-06-11,2025-06-19,785.52,715.63,-0.0952,🔴 停損,6,878.7,715.63
1519,2025-06-19,2025-06-23,540.49,490.66,-0.0984,🔴 停損,2,606.93,490.66
2404,2025-06-03,2025-06-24,535.06,607.16,0.127,🟢 停利,15,607.16,480.98
2368,2025-06-04,2025-07-02,266.21,290.5,0.0838,⚪ 時間到期,20,306.98,235.63
2383,2025-06-10,2025-07-03,822.05,919.37,0.1107,🟢 停利,17,919.37,749.05
2615,2025-06-06,2025-07-04,101.32,90.1,-0.1169,⚪ 時間到期,20,126.58,82.38
2882,2025-06-09,2025-07-07,63.14,61.8,-0.0278,⚪ 時間到期,20,73.04,55.71
2408,2025-06-10,2025-07-08,52.85,48.5,-0.0886,⚪ 時間到期,20,63.94,44.54
2376,2025-06-11,2025-07-09,278.57,268.64,-0.0422,⚪ 時間到期,20,312.23,253.32
3017,2025-06-12,2025-07-09,717.45,795.96,0.1019,🟢 停利,19,795.96,658.56
3231,2025-06-16,2025-07-14,118.62,117.0,-0.0204,⚪ 時間到期,20,131.91,108.65
1519,2025-06-23,2025-07-15,492.08,563.99,0.1383,🟢 停利,16,563.99,438.16
2308,2025-07-04,2025-07-15,449.6,489.04,0.0803,🟢 停利,7,489.04,420.02
2404,2025-07-08,2025-07-17,645.73,727.45,0.1188,🟢 停利,7,727.45,584.44
3661,2025-07-09,2025-07-17,3197.93,3681.35,0.1433,🟢 停利,6,3681.35,2835.37
3044,2025-06-24,2025-07-21,233.32,260.18,0.1075,🟢 停利,19,260.18,213.18
2383,2025-07-03,2025-07-28,900.1,1022.1,0.1278,🟢 停利,17,1022.1,808.6
1519,2025-07-15,2025-07-28,558.41,643.3,0.1441,🟢 停利,9,643.3,494.75
2884,2025-07-14,2025-07-29,33.36,31.97,-0.0484,🔴 停損,11,35.22,31.97
2360,2025-07-02,2025-07-30,428.31,406.56,-0.0573,⚪ 時間到期,20,488.76,382.97
1303,2025-07-28,2025-07-30,34.53,38.76,0.1147,🟢 停利,2,38.76,31.36
2368,2025-07-09,2025-07-31,315.31,362.69,0.1424,🟢 停利,16,362.69,279.78
2308,2025-07-15,2025-07-31,480.97,577.98,0.1935,🟢 停利,12,533.0,441.95
1303,2025-07-30,2025-07-31,36.44,41.27,0.125,🟢 停利,1,41.27,32.81
1301,2025-07-31,2025-08-04,43.19,38.82,-0.1073,🔴 停損,1,49.02,38.82
6239,2025-07-07,2025-08-05,127.85,122.5,-0.0484,⚪ 時間到期,20,140.58,118.31
3017,2025-07-29,2025-08-05,867.29,976.53,0.1183,🟢 停利,4,976.53,785.35
2404,2025-07-21,2025-08-07,765.76,875.0,0.1348,🟢 停利,12,859.16,695.72
2449,2025-07-30,2025-08-08,115.62,133.07,0.1431,🟢 停利,6,133.07,102.53
2368,2025-07-31,2025-08-08,354.35,402.85,0.1291,🟢 停利,5,402.85,317.98
2308,2025-08-04,2025-08-12,576.56,642.52,0.1068,🟢 停利,6,642.52,527.1
3661,2025-07-17,2025-08-13,3619.37,4135.48,0.1348,🟢 停利,18,4135.48,3232.28
1303,2025-07-31,2025-08-13,38.74,44.07,0.1298,🟢 停利,8,44.07,34.74
2404,2025-08-08,2025-08-13,932.93,1047.37,0.115,🟢 停利,3,1047.37,847.11
3037,2025-07-17,2025-08-15,137.14,135.5,-0.0187,⚪ 時間到期,20,159.89,120.07
2404,2025-08-13,2025-08-15,973.97,1104.43,0.1262,🟢 停利,2,1104.43,876.13
2383,2025-08-05,2025-08-18,1126.36,1283.17,0.1314,🟢 停利,9,1278.76,1012.06
3017,2025-08-07,2025-08-18,1022.09,1146.6,0.1142,🟢 停利,7,1146.6,928.71
6669,2025-08-15,2025-08-20,3378.37,3057.37,-0.1012,🔴 停損,3,3806.37,3057.37
2308,2025-08-18,2025-08-20,687.1,624.73,-0.097,🔴 停損,2,766.68,627.41
2383,2025-08-18,2025-08-20,1284.45,1151.2,-0.1099,🔴 停損,2,1462.12,1151.2
1326,2025-08-05,2025-08-22,26.48,31.9,0.1966,🟢 停利,13,31.67,22.58
1519,2025-07-28,2025-08-26,629.63,610.0,-0.0378,⚪ 時間到期,20,718.9,562.68
2368,2025-08-12,2025-08-29,444.44,506.64,0.1322,🟢 停利,13,506.64,397.79
2404,2025-08-15,2025-08-29,1066.06,1217.86,0.1346,🟢 停利,10,1217.86,952.21
2449,2025-08-13,2025-09-01,142.14,163.64,0.1434,🟢 停利,13,163.64,126.02
6669,2025-08-20,2025-09-01,3198.2,2873.44,-0.1077,🔴 停損,8,3631.2,2873.44
3706,2025-08-29,2025-09-02,97.9,85.32,-0.1344,🔴 停損,2,114.66,85.32
2368,2025-09-01,2025-09-02,500.0,436.85,-0.1323,🔴 停損,1,584.2,436.85
2404,2025-08-29,2025-09-03,1201.2,1057.65,-0.1255,🔴 停損,3,1392.6,1057.65
2345,2025-08-08,2025-09-05,975.97,1020.0,0.038,⚪ 時間到期,20,1116.29,870.74
1504,2025-08-22,2025-09-09,65.39,74.54,0.1321,🟢 停利,12,74.54,58.53
1303,2025-08-13,2025-09-10,41.89,38.2,-0.0944,⚪ 時間到期,20,50.25,35.62
2344,2025-09-09,2025-09-16,24.3,27.79,0.1359,🟢 停利,5,27.79,21.68
3017,2025-08-20,2025-09-17,1021.02,1005.0,-0.0224,⚪ 時間到期,20,1198.61,887.83
2317,2025-08-20,2025-09-17,206.21,212.0,0.0211,⚪ 時間到期,20,225.01,192.11
2344,2025-09-16,2025-09-18,26.39,30.55,0.1497,🟢 停利,2,30.55,23.27
2408,2025-09-17,2025-09-22,69.27,81.89,0.1741,🟢 停利,3,81.89,59.8
1326,2025-08-26,2025-09-23,31.13,28.95,-0.0764,⚪ 時間到期,20,37.6,26.28
2344,2025-09-18,2025-09-23,30.12,35.14,0.1585,🟢 停利,3,35.14,26.36
1504,2025-09-10,2025-09-24,80.28,94.13,0.1644,🟢 停利,10,94.13,69.9
2404,2025-09-03,2025-09-26,1081.08,907.98,-0.1659,🔴 停損,17,1311.88,907.98
2634,2025-09-01,2025-09-30,63.06,56.3,-0.1133,⚪ 時間到期,20,74.13,54.76
2449,2025-09-02,2025-10-01,161.16,165.0,0.0168,⚪ 時間到期,20,187.56,141.36
3706,2025-09-02,2025-10-01,93.69,91.0,-0.0354,⚪ 時間到期,20,112.18,79.83
6770,2025-09-26,2025-10-01,22.77,26.94,0.175,🟢 停利,2,26.94,19.65
1504,2025-09-24,2025-10-02,93.03,109.58,0.1698,🟢 停利,5,109.58,80.62
2368,2025-09-05,2025-10-07,450.45,431.0,-0.0497,⚪ 時間到期,20,548.85,376.65
2344,2025-09-23,2025-10-07,34.85,40.93,0.1664,🟢 停利,8,40.93,30.29
1605,2025-09-30,2025-10-08,24.71,28.93,0.1627,🟢 停利,5,28.93,21.55
6770,2025-10-01,2025-10-08,25.43,30.14,0.1771,🟢 停利,4,30.14,21.89
2408,2025-09-22,2025-10-09,79.38,96.7,0.2099,🟢 停利,11,93.95,68.45
2301,2025-09-17,2025-10-20,162.74,161.6,-0.0138,⚪ 時間到期,20,189.27,142.85
2327,2025-10-01,2025-10-21,171.44,198.85,0.1519,🟢 停利,12,198.85,150.89
6239,2025-09-23,2025-10-27,152.15,160.5,0.0477,⚪ 時間到期,20,171.25,137.83
2344,2025-10-07,2025-10-27,40.58,50.63,0.2393,🟢 停利,12,49.56,33.84
2408,2025-10-09,2025-10-27,96.8,120.0,0.2312,🟢 停利,10,116.3,82.17
2327,2025-10-21,2025-10-27,197.28,241.77,0.2171,🟢 停利,3,231.54,171.59
3443,2025-10-27,2025-10-28,1674.05,1467.99,-0.1291,🔴 停損,1,1948.8,1467.99
2308,2025-10-07,2025-10-29,938.04,1076.11,0.1394,🟢 停利,14,1076.11,834.48
2330,2025-10-08,2025-10-31,1398.42,1510.27,0.0726,🟢 停利,15,1510.27,1314.52
3711,2025-10-27,2025-10-31,202.2,228.6,0.1228,🟢 停利,4,228.6,182.4
3231,2025-10-01,2025-11-03,146.15,143.5,-0.0248,⚪ 時間到期,20,161.65,134.52
1504,2025-10-02,2025-11-04,105.58,110.34,0.0379,⚪ 時間到期,20,128.08,88.71
6770,2025-10-08,2025-11-07,29.13,30.55,0.0416,⚪ 時間到期,20,35.34,24.47
2408,2025-10-28,2025-11-07,124.12,151.22,0.21,🟢 停利,8,151.22,103.8
2344,2025-10-29,2025-11-13,54.17,66.2,0.2137,🟢 停利,11,66.2,45.15
2324,2025-10-27,2025-11-14,34.34,29.04,-0.1601,🔴 停損,14,41.41,29.04
1519,2025-11-04,2025-11-14,800.8,724.45,-0.1015,🔴 停損,8,902.6,724.45
1605,2025-10-20,2025-11-18,28.86,29.91,0.0295,⚪ 時間到期,20,35.8,23.65
1303,2025-11-14,2025-11-18,52.15,59.99,0.1425,🟢 停利,2,59.99,46.27
2344,2025-11-13,2025-11-20,65.72,56.29,-0.1493,🔴 停損,5,78.3,56.29
3017,2025-10-31,2025-11-21,1441.44,1250.0,-0.1387,🔴 停損,15,1696.64,1250.04
6239,2025-11-03,2025-11-21,173.17,151.0,-0.134,🔴 停損,14,201.87,151.65
6669,2025-10-27,2025-11-24,4224.22,4030.0,-0.0525,⚪ 時間到期,20,4859.22,3747.97
2327,2025-10-31,2025-11-28,245.49,233.33,-0.056,⚪ 時間到期,20,286.99,214.36
1303,2025-11-18,2025-12-02,56.26,65.37,0.154,🟢 停利,10,65.37,49.42
2408,2025-11-07,2025-12-05,148.65,153.0,0.0222,⚪ 時間到期,20,185.97,120.66
3711,2025-11-07,2025-12-05,231.23,231.0,-0.0078,⚪ 時間到期,20,269.33,202.66
2368,2025-11-14,2025-12-12,553.55,618.0,0.1088,⚪ 時間到期,20,653.05,478.93
1519,2025-11-18,2025-12-16,740.74,798.0,0.0699,⚪ 時間到期,20,859.74,651.49
2344,2025-11-20,2025-12-18,63.13,74.11,0.1659,⚪ 時間到期,20,78.76,51.41
6770,2025-11-21,2025-12-19,33.53,36.8,0.0899,⚪ 時間到期,20,43.25,26.24
1326,2025-11-21,2025-12-19,32.23,32.3,-0.0047,⚪ 時間到期,20,38.18,27.77
2449,2025-11-24,2025-12-22,208.71,221.0,0.0517,⚪ 時間到期,20,257.31,172.26
3443,2025-11-28,2025-12-29,2137.41,2045.68,-0.0495,⚪ 時間到期,20,2614.24,1779.79
1303,2025-12-02,2025-12-31,61.56,60.2,-0.0288,⚪ 時間到期,20,76.16,50.61
2344,2025-12-18,2026-01-05,74.68,94.51,0.2568,🟢 停利,10,93.82,60.33
3037,2025-12-05,2026-01-06,202.7,230.5,0.1294,⚪ 時間到期,20,240.97,174.01
6505,2025-12-05,2026-01-06,53.05,46.9,-0.122,⚪ 時間到期,20,63.39,45.3
2408,2025-12-29,2026-01-06,189.69,220.69,0.1555,🟢 停利,5,220.69,166.44
3481,2026-01-06,2026-01-07,20.06,22.98,0.1379,🟢 停利,1,22.98,17.87
2408,2026-01-06,2026-01-07,214.21,247.91,0.1494,🟢 停利,1,247.91,188.94
3481,2026-01-07,2026-01-09,22.06,19.61,-0.1171,🔴 停損,2,25.33,19.61
2383,2025-12-12,2026-01-13,1606.6,1635.0,0.0107,⚪ 時間到期,20,1927.6,1365.85
2404,2025-12-22,2026-01-14,998.0,1148.4,0.1428,🟢 停利,15,1148.4,885.2
6239,2026-01-07,2026-01-14,211.21,245.5,0.1544,🟢 停利,5,244.11,186.54
2606,2025-12-16,2026-01-15,59.0,58.75,-0.0111,⚪ 時間到期,20,70.98,50.01
6770,2026-01-06,2026-01-16,43.54,53.0,0.2089,🟢 停利,8,51.74,37.39
2344,2026-01-05,2026-01-19,94.6,114.4,0.2011,🟢 停利,10,114.04,80.02
2408,2026-01-09,2026-01-19,233.23,271.73,0.1571,🟢 停利,6,271.73,204.36
3481,2026-01-13,2026-01-19,21.77,26.98,0.2307,🟢 停利,4,26.16,18.48
2345,2025-12-19,2026-01-20,1201.2,1185.0,-0.0202,⚪ 時間到期,20,1438.4,1023.3
2882,2025-12-19,2026-01-20,74.67,76.6,0.0188,⚪ 時間到期,20,80.35,70.41
6770,2026-01-16,2026-01-20,53.05,63.03,0.18,🟢 停利,2,63.03,45.57
3037,2026-01-19,2026-01-21,278.28,320.88,0.1452,🟢 停利,2,320.88,246.33
3481,2026-01-19,2026-01-27,27.0,22.95,-0.1559,🔴 停損,6,32.41,22.95
2891,2025-12-31,2026-01-29,50.25,52.0,0.0277,⚪ 時間到期,20,53.82,47.57
2344,2026-01-21,2026-01-29,111.53,135.26,0.2045,🟢 停利,6,135.26,93.73
6770,2026-01-20,2026-01-30,58.56,70.1,0.1889,🟢 停利,8,70.1,49.9
2327,2026-01-20,2026-02-02,287.23,255.21,-0.1176,🔴 停損,9,329.92,255.21
3149,2026-01-29,2026-02-05,61.26,50.33,-0.1841,🔴 停損,5,75.84,50.33
1605,2026-01-14,2026-02-06,41.39,35.04,-0.1592,🔴 停損,17,49.16,35.56
3711,2026-01-19,2026-02-10,303.8,358.0,0.1703,🟢 停利,16,344.0,273.65
6239,2026-01-14,2026-02-11,245.75,243.0,-0.0179,⚪ 時間到期,20,288.45,213.72
2360,2026-01-15,2026-02-23,975.73,1102.06,0.1218,🟢 停利,20,1102.06,880.98
1303,2026-01-20,2026-02-24,75.28,90.74,0.1971,🟢 停利,18,90.74,63.68
3037,2026-01-29,2026-02-24,365.36,431.86,0.1739,🟢 停利,11,431.86,315.49
1326,2026-02-11,2026-02-26,40.74,51.02,0.2438,🟢 停利,4,51.02,33.03
6446,2026-02-05,2026-03-03,754.75,662.8,-0.1278,🔴 停損,10,877.35,662.8
2408,2026-02-02,2026-03-04,310.31,238.0,-0.2383,🔴 停損,14,390.91,249.86
2360,2026-03-03,2026-03-04,1548.46,1289.1,-0.1732,🔴 停損,1,1792.2,1365.66
3481,2026-01-27,2026-03-06,23.97,26.88,0.1137,⚪ 時間到期,20,31.7,18.17
6285,2026-01-30,2026-03-09,176.68,150.0,-0.1568,🔴 停損,18,210.48,151.33
2383,2026-02-10,2026-03-12,2082.08,2524.08,0.204,🟢 停利,14,2524.08,1750.58
3037,2026-02-24,2026-03-16,410.91,519.0,0.2544,🟢 停利,13,516.91,331.41
2360,2026-03-04,2026-03-17,1290.39,1564.67,0.2043,🟢 停利,9,1564.67,1084.68
3036,2026-03-06,2026-03-17,202.43,239.48,0.1749,🟢 停利,7,239.48,174.65
6770,2026-02-06,2026-03-18,62.76,71.9,0.1378,⚪ 時間到期,20,83.62,47.12
2609,2026-03-09,2026-03-23,61.56,51.6,-0.1675,🔴 停損,10,70.68,54.72
6415,2026-02-23,2026-03-24,284.29,280.04,-0.0217,⚪ 時間到期,20,363.0,225.26
1303,2026-02-24,2026-03-25,85.79,76.0,-0.1201,⚪ 時間到期,20,107.15,69.77
3017,2026-03-04,2026-03-26,1776.78,2200.0,0.2297,🟢 停利,16,2124.77,1515.78
1326,2026-02-26,2026-03-27,49.25,44.25,-0.1077,⚪ 時間到期,20,60.39,40.89
2383,2026-03-12,2026-04-08,2442.44,3160.0,0.2849,🟢 停利,17,3060.44,1978.94
2360,2026-03-17,2026-04-09,1449.2,1862.9,0.2767,🟢 停利,15,1862.9,1138.93
3037,2026-03-16,2026-04-10,519.52,656.12,0.2543,🟢 停利,17,656.12,417.07
2605,2026-03-18,2026-04-15,42.24,34.7,-0.1842,🔴 停損,18,52.3,34.7
3036,2026-03-17,2026-04-16,230.66,228.48,-0.0162,⚪ 時間到期,20,271.39,200.1
3533,2026-03-23,2026-04-16,2012.01,2487.01,0.2276,🟢 停利,16,2487.01,1655.76
6285,2026-04-09,2026-04-17,223.22,272.52,0.2125,🟢 停利,6,272.52,186.25
2368,2026-03-24,2026-04-20,991.99,1219.59,0.221,🟢 停利,17,1219.59,821.29
2383,2026-04-08,2026-04-21,3163.16,3958.16,0.2428,🟢 停利,9,3958.16,2566.91
3017,2026-03-26,2026-04-22,2202.2,2706.2,0.2205,🟢 停利,17,2706.2,1824.2
6285,2026-04-17,2026-04-23,268.27,221.39,-0.1804,🔴 停損,4,330.77,221.39
2603,2026-03-25,2026-04-24,190.31,186.88,-0.0248,⚪ 時間到期,20,219.44,168.47
3037,2026-04-10,2026-04-27,641.64,835.0,0.2925,🟢 停利,11,821.94,506.42
2383,2026-04-21,2026-04-27,3903.9,4721.9,0.2013,🟢 停利,4,4721.9,3290.4
2891,2026-03-27,2026-04-28,52.85,53.3,0.0016,⚪ 時間到期,20,58.73,48.44
2345,2026-04-15,2026-04-28,1901.9,2310.9,0.2067,🟢 停利,9,2310.9,1595.15
3443,2026-04-22,2026-05-04,3741.71,4559.23,0.2102,🟢 停利,7,4485.32,3184.0
3443,2026-05-04,2026-05-08,4563.79,5489.57,0.1946,🟢 停利,4,5489.57,3869.45
6415,2026-04-23,2026-05-12,411.41,489.85,0.1825,🟢 停利,12,489.85,352.58
2360,2026-04-16,2026-05-15,2064.62,2221.21,0.0685,⚪ 時間到期,20,2600.09,1663.01
1326,2026-04-16,2026-05-15,50.65,44.45,-0.1284,⚪ 時間到期,20,62.25,41.95
2454,2026-05-12,2026-05-15,3838.83,3268.08,-0.1545,🔴 停損,3,4599.83,3268.08
3443,2026-05-08,2026-05-18,5445.66,4581.84,-0.1644,🔴 停損,6,6597.41,4581.84
3533,2026-04-20,2026-05-19,2632.63,2325.0,-0.1229,⚪ 時間到期,20,3203.63,2204.38
6285,2026-04-24,2026-05-19,217.22,290.5,0.3282,🟢 停利,16,287.72,164.34
2327,2026-05-19,2026-05-22,497.93,600.69,0.1981,🟢 停利,3,600.39,421.08
3037,2026-04-27,2026-05-25,835.83,1020.0,0.212,🟢 停利,19,1005.64,708.48
6415,2026-05-15,2026-05-25,490.99,615.89,0.2458,🟢 停利,6,615.89,397.32
6239,2026-05-19,2026-05-25,246.75,311.0,0.2518,🟢 停利,4,301.05,206.02
2383,2026-04-27,2026-05-26,4664.66,5635.0,0.1998,🟢 停利,20,5585.66,3973.91
2454,2026-05-15,2026-05-26,3428.42,4375.0,0.2674,🟢 停利,7,4264.42,2801.42
2368,2026-04-28,2026-05-27,1411.41,1375.0,-0.0325,⚪ 時間到期,20,1714.41,1184.16
1303,2026-04-28,2026-05-27,89.09,95.5,0.0646,⚪ 時間到期,20,111.31,72.42
2303,2026-05-18,2026-05-27,108.61,139.5,0.2756,🟢 停利,7,135.97,88.09
2327,2026-05-22,2026-05-28,601.29,721.83,0.1923,🟢 停利,4,721.83,510.89
6116,2026-05-27,2026-05-29,13.91,16.72,0.1936,🟢 停利,2,16.72,11.81
2408,2026-05-25,2026-06-02,295.29,401.0,0.3487,🟢 停利,6,386.69,226.74
6116,2026-05-29,2026-06-02,16.52,20.65,0.2417,🟢 停利,2,19.93,13.96
1504,2026-05-15,2026-06-04,70.75,82.29,0.1553,🟢 停利,14,82.29,62.08
6415,2026-05-25,2026-06-09,609.61,502.81,-0.1808,🔴 停損,11,752.01,502.81
2327,2026-05-28,2026-06-10,704.65,857.84,0.2091,🟢 停利,9,857.36,590.12
2356,2026-06-02,2026-06-10,77.08,65.92,-0.1506,🔴 停損,6,91.96,65.92
3481,2026-05-26,2026-06-11,50.88,42.6,-0.1684,🔴 停損,12,61.19,43.14
